Id,River,Type,Discharge,Length,Width,Basin
1,Abdenai,River,191 m³/s,216 km,0.322 km,Abdenai
2,Nymphidam,River,547 m³/s,322 km,0.538 km,Nymphidam
3,Otigosthos,River,1407 m³/s,934 km,1.656 km,Otigosthos
4,Ecegi,River,1870 m³/s,743 km,1.57 km,Ecegi
5,Dotigosthos,River,280 m³/s,214 km,0.258 km,Chiossos
6,Margan,Fork,80 m³/s,75 km,0.129 km,Ecegi
7,Todes,River,177 m³/s,124 km,0.258 km,Todes
8,Methos,River,244 m³/s,108 km,0.258 km,Methos
9,Antiochialy,Fork,133 m³/s,77 km,0.129 km,Apitros
10,Paphos,River,90 m³/s,70 km,0.129 km,Pithelos
11,Kodona,River,262 m³/s,503 km,0.602 km,Kodona
12,Mornetase,Fork,154 m³/s,301 km,0.258 km,Apitros
13,Phais,River,42 m³/s,47 km,0.108 km,Ecegi
14,Golotico,River,474 m³/s,400 km,0.602 km,Golotico
15,Aktas,Fork,166 m³/s,258 km,0.258 km,Otigosthos
16,Stymphetos,River,553 m³/s,286 km,0.538 km,Stymphetos
17,Itherta,River,757 m³/s,285 km,0.581 km,Itherta
18,Morna,Fork,254 m³/s,288 km,0.279 km,Abros
19,Kylis,River,134 m³/s,84 km,0.237 km,Kylis
20,Pithelos,River,275 m³/s,108 km,0.301 km,Pithelos
21,Theonion,Branch,42 m³/s,27 km,0.043 km,Pithelos
22,Tapopotita,River,38 m³/s,39 km,0.108 km,Seleiasenos
23,Seleiasenos,River,309 m³/s,247 km,0.387 km,Seleiasenos
24,Pydros,Fork,53 m³/s,43 km,0.108 km,Golotico
25,Alelionia,River,129 m³/s,77 km,0.151 km,Thylos
28,Pydna,River,1420 m³/s,523 km,0.817 km,Apitros
29,Sparnas,River,93 m³/s,132 km,0.172 km,Apitros
30,Tapontioch,Fork,803 m³/s,427 km,0.559 km,Apitros
32,Emnos,River,61 m³/s,85 km,0.129 km,Apitros
33,Phanais,River,501 m³/s,253 km,0.451 km,Phanais
34,Golamaion,River,1018 m³/s,472 km,0.839 km,Golamaion
35,Samis,River,276 m³/s,175 km,0.322 km,Samis
36,Marathyro,River,426 m³/s,283 km,0.473 km,Marathyro
38,Ioliros,River,53 m³/s,32 km,0.065 km,Megai
39,Megai,River,187 m³/s,84 km,0.215 km,Megai
40,Leinoinoi,River,131 m³/s,91 km,0.193 km,Leinoinoi
41,Chios,River,90 m³/s,135 km,0.172 km,Apitros
42,Ileleostos,Fork,355 m³/s,169 km,0.258 km,Amphidria
45,Phais,Fork,224 m³/s,153 km,0.258 km,Apitros
46,Cythumna,River,659 m³/s,612 km,0.667 km,Orchodessos
47,Ablosponti,River,102 m³/s,419 km,0.387 km,Ririkon
48,Koubea,Fork,48 m³/s,33 km,0.043 km,Ecegi
49,Bybdeleubea,River,440 m³/s,304 km,0.495 km,Bybdeleubea
50,Scidnama,River,254 m³/s,128 km,0.215 km,Polis
51,Nauphi,Fork,40 m³/s,49 km,0.108 km,Thylos
52,Taupaktas,River,252 m³/s,730 km,0.86 km,Taupaktas
53,Chiossos,River,2185 m³/s,543 km,1.419 km,Chiossos
54,Aenegaipo,Fork,47 m³/s,40 km,0.108 km,Chiossos
56,Nyrian,River,652 m³/s,176 km,0.473 km,Nyrian
57,Vathe,Fork,76 m³/s,64 km,0.129 km,Itherta
58,Aktas,Creek,63 m³/s,25 km,0.065 km,Aktas
59,Tyroniapa,River,486 m³/s,245 km,0.366 km,Orchosia
60,Muropolis,Fork,228 m³/s,232 km,0.279 km,Akhamos
61,Ephipo,River,70 m³/s,133 km,0.151 km,Apitros
62,Thecegagu,Creek,61 m³/s,29 km,0.043 km,Apia
63,Pseikon,Fork,85 m³/s,54 km,0.151 km,Leitatea
64,Soniaros,River,52 m³/s,55 km,0.129 km,Apitros
65,Delphira,River,104 m³/s,66 km,0.151 km,Itherta
66,Siniaranos,Fork,498 m³/s,188 km,0.322 km,Apitros
67,Bonion,River,198 m³/s,108 km,0.193 km,Apitros
68,Roreos,River,436 m³/s,158 km,0.258 km,Apitros
69,Iolbia,River,355 m³/s,138 km,0.301 km,Iolbia
70,Troreoscu,River,131 m³/s,85 km,0.151 km,Apitros
71,Dipopolida,River,116 m³/s,76 km,0.193 km,Dipopolida
72,Iolcos,River,89 m³/s,79 km,0.172 km,Iolcos
73,Troyzan,River,158 m³/s,97 km,0.215 km,Troyzan
75,Ampharis,Fork,198 m³/s,47 km,0.172 km,Apitros
76,Leigosthos,River,56 m³/s,31 km,0.065 km,Leigosthos
83,Otontikast,Stream,66 m³/s,21 km,0.043 km,Ririkon
84,Amphinionti,River,260 m³/s,129 km,0.279 km,Amphinionti
86,Bhryrian,River,1253 m³/s,828 km,1.097 km,Ririkon
88,Thylos,River,653 m³/s,286 km,0.559 km,Thylos
89,Dotidylos,River,95 m³/s,47 km,0.129 km,Apia
90,Hacaionos,Fork,208 m³/s,210 km,0.237 km,Apitros
91,Kategea,River,54 m³/s,27 km,0.043 km,Nyrian
93,Dikon,River,610 m³/s,207 km,0.473 km,Dikon
96,Nyrian,River,460 m³/s,102 km,0.322 km,Nyrian
97,Argan,River,176 m³/s,99 km,0.215 km,Argan
98,Pyrma,River,97 m³/s,51 km,0.172 km,Pyrma
103,Thorion,River,57 m³/s,40 km,0.065 km,Golotico
104,Gorchialome,River,225 m³/s,210 km,0.258 km,Apitros
105,Kysospon,Fork,206 m³/s,81 km,0.172 km,Leitatea
106,Meiapamos,River,52 m³/s,37 km,0.065 km,Apitros
107,Thyma,River,34 m³/s,34 km,0.065 km,Chiossos
108,Lideaion,Fork,120 m³/s,65 km,0.129 km,Apitros
109,Ptema,River,68 m³/s,52 km,0.129 km,Apitros
110,Neamostias,River,99 m³/s,82 km,0.151 km,Apitros
111,Nitaguri,Fork,113 m³/s,92 km,0.151 km,Phanais
112,Kala,River,91 m³/s,69 km,0.193 km,Kala
113,Pithos,River,270 m³/s,263 km,0.301 km,Apitros
114,Apia,River,1534 m³/s,646 km,1.312 km,Apia
115,Amphidria,River,1141 m³/s,443 km,0.882 km,Amphidria
118,Byblararos,River,131 m³/s,71 km,0.129 km,Sibethra
119,Pithytion,River,47 m³/s,59 km,0.108 km,Itherta
120,Helginoi,River,60 m³/s,44 km,0.151 km,Helginoi
124,Polis,River,965 m³/s,410 km,0.817 km,Polis
125,Sonia,River,134 m³/s,147 km,0.193 km,Apitros
127,Ephikon,River,221 m³/s,265 km,0.301 km,Apitros
128,Korinthenai,River,256 m³/s,294 km,0.301 km,Orchodessos
129,Zaklelion,Fork,416 m³/s,589 km,0.559 km,Ririkon
130,Akrorea,River,219 m³/s,199 km,0.322 km,Akrorea
131,Myodes,River,92 m³/s,108 km,0.151 km,Apitros
132,Lefka,Fork,182 m³/s,104 km,0.193 km,Amphidria
133,Lapolipopo,River,330 m³/s,194 km,0.258 km,Golamaion
134,Abros,River,615 m³/s,241 km,0.516 km,Abros
135,Gourmeia,Fork,55 m³/s,72 km,0.108 km,Amphidria
136,Aelamospon,River,564 m³/s,296 km,0.516 km,Aelamospon
137,Hiporeos,River,331 m³/s,226 km,0.387 km,Hiporeos
138,Kasos,Branch,47 m³/s,28 km,0.043 km,Apitros
139,Corchiakou,River,212 m³/s,279 km,0.387 km,Corchiakou
140,Sagios,River,70 m³/s,61 km,0.129 km,Itherta
142,Asktos,River,85 m³/s,56 km,0.129 km,Leitatea
143,Emnapoposei,River,59 m³/s,56 km,0.151 km,Emnapoposei
144,Olynthym,Fork,65 m³/s,37 km,0.129 km,Apitros
145,Olirina,River,136 m³/s,65 km,0.215 km,Olirina
147,Aphidyrian,River,1019 m³/s,319 km,0.753 km,Aphidyrian
148,Orinthe,River,520 m³/s,171 km,0.322 km,Leitatea
149,Psychia,River,1123 m³/s,593 km,1.053 km,Psychia
150,Myolis,Fork,351 m³/s,187 km,0.301 km,Apia
151,Amphiniagi,River,68 m³/s,41 km,0.086 km,Apia
152,Abdekiondo,River,1087 m³/s,506 km,0.946 km,Abdekiondo
153,Myoscurodo,Fork,47 m³/s,38 km,0.065 km,Apia
154,Ephakouros,River,1011 m³/s,1344 km,1.591 km,Ririkon
155,Cytros,River,41 m³/s,20 km,0.022 km,Psychia
156,Laris,Fork,95 m³/s,77 km,0.151 km,Marathyro
158,Hyera,River,763 m³/s,850 km,0.882 km,Ririkon
159,Brauriros,Fork,82 m³/s,55 km,0.129 km,Ririkon
160,Chalbiase,River,104 m³/s,133 km,0.172 km,Abros
161,Phodos,River,57 m³/s,266 km,0.301 km,Phodos
162,Piceacos,Branch,41 m³/s,27 km,0.043 km,Otigosthos
163,Athmo,River,40 m³/s,31 km,0.043 km,Otigosthos
164,Menos,Creek,47 m³/s,17 km,0.022 km,Marathyro
165,Histros,Fork,77 m³/s,78 km,0.129 km,Rhampiatea
166,Kales,River,111 m³/s,109 km,0.151 km,Psychia
167,Oniaga,River,51 m³/s,69 km,0.129 km,Apitros
168,Athrena,Fork,32 m³/s,41 km,0.065 km,Ririkon
169,Bhrydolis,River,132 m³/s,285 km,0.258 km,Abros
170,Ephiralia,River,83 m³/s,75 km,0.151 km,Chiossos
173,Kores,River,2661 m³/s,767 km,1.892 km,Kores
174,Pteracrarat,Fork,72 m³/s,78 km,0.151 km,Otigosthos
175,Eiaiontipo,River,38 m³/s,50 km,0.108 km,Apitros
176,Magratis,River,45 m³/s,37 km,0.065 km,Orchosia
177,Mulaigeia,Fork,41 m³/s,31 km,0.043 km,Psychia
178,Thernas,River,79 m³/s,78 km,0.129 km,Golamaion
179,Rinoinala,River,539 m³/s,478 km,0.538 km,Abros
180,Pydnaionti,Fork,110 m³/s,104 km,0.193 km,Kores
181,Borinthos,Creek,44 m³/s,29 km,0.043 km,Amphidria
182,Onchematos,River,54 m³/s,40 km,0.065 km,Abros
183,Erateamei,Fork,49 m³/s,33 km,0.065 km,Polis
184,Spartyn,River,301 m³/s,221 km,0.279 km,Ecegi
185,Hesia,River,671 m³/s,453 km,0.71 km,Hesia
186,Deleuthepoi,Fork,95 m³/s,74 km,0.129 km,Diossos
187,Magra,River,133 m³/s,113 km,0.172 km,Siros
188,Pinama,River,60 m³/s,70 km,0.129 km,Apitros
189,Magricea,Fork,117 m³/s,118 km,0.172 km,Abdekiondo
190,Achargiphy,River,68 m³/s,93 km,0.151 km,Abros
191,Ateliomepi,Stream,36 m³/s,28 km,0.043 km,Amphidria
193,Ampsos,River,297 m³/s,286 km,0.409 km,Ampsos
194,Ronia,River,638 m³/s,273 km,0.409 km,Kores
195,Sapasegaica,Fork,135 m³/s,77 km,0.172 km,Amphidria
196,Patis,River,46 m³/s,41 km,0.065 km,Ecegi
197,Ablanais,River,81 m³/s,68 km,0.129 km,Podessos
198,Hasos,Fork,40 m³/s,45 km,0.065 km,Apitros
199,Olbiamis,River,314 m³/s,105 km,0.215 km,Psychia
200,Porea,River,35 m³/s,40 km,0.065 km,Kores
201,Kouroposia,Fork,197 m³/s,106 km,0.193 km,Ecegi
202,Trigostros,Creek,38 m³/s,24 km,0.043 km,Psychia
204,Mandolipope,Fork,148 m³/s,232 km,0.237 km,Ririkon
206,Mormerythmo,River,62 m³/s,71 km,0.129 km,Leitatea
207,Siporintria,Fork,47 m³/s,35 km,0.065 km,Polis
208,Itriada,River,55 m³/s,32 km,0.043 km,Polis
209,Heron,River,153 m³/s,216 km,0.215 km,Apitros
212,Vathydozo,River,82 m³/s,70 km,0.129 km,Podessos
213,Pitria,Fork,272 m³/s,379 km,0.387 km,Otigosthos
214,Hiemeasos,River,40 m³/s,58 km,0.108 km,Apitros
216,Leitatea,River,1254 m³/s,261 km,0.731 km,Leitatea
217,Pithepios,River,99 m³/s,82 km,0.151 km,Apitros
218,Pydria,River,99 m³/s,92 km,0.151 km,Rhampiatea
219,Gornelos,Fork,48 m³/s,85 km,0.129 km,Apitros
220,Histha,River,234 m³/s,234 km,0.344 km,Histha
222,Zameicospon,Fork,94 m³/s,62 km,0.129 km,Leitatea
223,Tauke,River,47 m³/s,37 km,0.065 km,Mubea
224,Rhampiatea,River,716 m³/s,512 km,0.86 km,Rhampiatea
226,Psychralele,River,42 m³/s,49 km,0.108 km,Apitros
227,Therga,River,81 m³/s,131 km,0.151 km,Ririkon
228,Aeiasece,Fork,44 m³/s,36 km,0.065 km,Kores
230,Morgyrera,River,584 m³/s,189 km,0.473 km,Morgyrera
231,Lekha,Fork,40 m³/s,40 km,0.065 km,Apitros
232,Delpsasos,Brook,55 m³/s,29 km,0.043 km,Histha
233,Sorinaion,River,47 m³/s,54 km,0.108 km,Morgyrera
234,Nikasthos,Fork,86 m³/s,66 km,0.151 km,Lekros
235,Arcyrorion,River,333 m³/s,169 km,0.258 km,Chiossos
236,Heles,River,258 m³/s,169 km,0.237 km,Morgyrera
237,Asktos,River,554 m³/s,367 km,0.581 km,Asktos
238,Itatealita,River,180 m³/s,121 km,0.172 km,Stymphetos
240,Crolis,Fork,38 m³/s,34 km,0.065 km,Amphidna
241,Tyrase,River,1054 m³/s,192 km,0.602 km,Tyrase
244,Tranelepi,River,1779 m³/s,956 km,1.355 km,Ririkon
245,Phoreosme,River,66 m³/s,71 km,0.151 km,Apitros
246,Ododes,Fork,101 m³/s,55 km,0.129 km,Apitros
247,Lamphyra,River,57 m³/s,50 km,0.108 km,Marathyro
248,Kegaicea,River,43 m³/s,97 km,0.129 km,Apitros
249,Oniaraion,Fork,74 m³/s,122 km,0.151 km,Apitros
250,Nymphi,River,38 m³/s,36 km,0.043 km,Corchiakou
251,Leontita,River,49 m³/s,113 km,0.129 km,Otigosthos
252,Imbdelona,Fork,590 m³/s,175 km,0.366 km,Apitros
253,Aphysaion,River,269 m³/s,328 km,0.322 km,Apitros
254,Nauplios,River,37 m³/s,54 km,0.108 km,Apitros
255,Muriaspon,Fork,60 m³/s,46 km,0.129 km,Akhamos
256,Amphidna,River,1505 m³/s,724 km,1.419 km,Amphidna
258,Antilenia,Fork,34 m³/s,35 km,0.043 km,Apitros
259,Naucrasega,River,101 m³/s,123 km,0.215 km,Naucrasega
260,Musaizile,River,39 m³/s,37 km,0.065 km,Apitros
261,Eubeanais,Fork,87 m³/s,57 km,0.129 km,Abros
262,Phararynt,River,84 m³/s,39 km,0.129 km,Morgyrera
263,Rhytos,River,157 m³/s,83 km,0.151 km,Skylespon
264,Lekros,Fork,178 m³/s,118 km,0.172 km,Apitros
265,Lamphemea,River,101 m³/s,61 km,0.129 km,Chiossos
266,Arganos,River,99 m³/s,80 km,0.172 km,Morgyrera
268,Imbros,River,181 m³/s,113 km,0.237 km,Imbros
270,Totiton,Fork,79 m³/s,97 km,0.151 km,Stymphetos
271,Gormeracra,River,41 m³/s,25 km,0.043 km,Taupaktas
272,Leicos,River,472 m³/s,129 km,0.366 km,Leicos
273,Athmosei,River,325 m³/s,155 km,0.322 km,Athmosei
274,Taulaipolis,River,51 m³/s,33 km,0.043 km,Leicos
275,Rhamnos,River,303 m³/s,110 km,0.279 km,Rhamnos
277,Knostos,River,121 m³/s,114 km,0.237 km,Knostos
279,Peralemilip,Fork,69 m³/s,75 km,0.129 km,Diossos
280,Artyn,River,182 m³/s,127 km,0.258 km,Artyn
281,Tholis,River,198 m³/s,107 km,0.237 km,Tholis
282,Crores,Fork,91 m³/s,64 km,0.129 km,Apitros
283,Delpha,River,34 m³/s,34 km,0.043 km,Morgyrera
284,Iapitreapo,River,79 m³/s,38 km,0.065 km,Leicos
285,Lefkaris,River,103 m³/s,92 km,0.193 km,Lefkaris
286,Braulaipoli,River,77 m³/s,99 km,0.215 km,Braulaipoli
287,Ninomis,River,55 m³/s,80 km,0.172 km,Ninomis
288,Pamaicyon,River,98 m³/s,87 km,0.193 km,Pamaicyon
289,Asktos,River,83 m³/s,57 km,0.108 km,Nyrian
290,Dozorostos,River,273 m³/s,116 km,0.279 km,Dozorostos
291,Iolodes,Branch,49 m³/s,26 km,0.022 km,Tholis
292,Myrma,Creek,35 m³/s,28 km,0.043 km,Apitros
294,Soribethia,Fork,71 m³/s,50 km,0.129 km,Itherta
295,Athodinetos,River,187 m³/s,78 km,0.172 km,Apitros
297,Gourgan,River,129 m³/s,72 km,0.193 km,Gourgan
298,Achargos,River,142 m³/s,61 km,0.151 km,Apitros
299,Crolis,River,226 m³/s,100 km,0.258 km,Crolis
300,Mepina,River,149 m³/s,69 km,0.193 km,Mepina
301,Braurion,River,39 m³/s,55 km,0.108 km,Apitros
302,Jukroipathi,River,90 m³/s,62 km,0.172 km,Jukroipathi
304,Depira,River,119 m³/s,56 km,0.193 km,Depira
305,Hinion,River,57 m³/s,68 km,0.151 km,Hinion
306,Ecetos,River,117 m³/s,65 km,0.172 km,Ecetos
307,Karas,River,90 m³/s,71 km,0.129 km,Apitros
308,Satis,River,184 m³/s,104 km,0.172 km,Apitros
309,Throton,River,109 m³/s,73 km,0.193 km,Throton
311,Olissalion,River,196 m³/s,70 km,0.151 km,Apitros
312,Leontidodi,River,95 m³/s,57 km,0.193 km,Leontidodi
313,Mubea,River,144 m³/s,53 km,0.193 km,Mubea
314,Morgyma,River,99 m³/s,57 km,0.129 km,Apitros
315,Mytion,River,126 m³/s,49 km,0.193 km,Mytion
317,Pipathe,River,80 m³/s,57 km,0.172 km,Pipathe
318,Tropomegai,River,162 m³/s,79 km,0.215 km,Tropomegai
319,Crona,River,65 m³/s,45 km,0.151 km,Crona
320,Paionticos,River,94 m³/s,38 km,0.086 km,Ampsostos
321,Thusaiziris,Fork,66 m³/s,39 km,0.086 km,Apitros
322,Aerythralos,River,101 m³/s,46 km,0.215 km,Aerythralos
323,Stymphida,River,75 m³/s,48 km,0.172 km,Stymphida
324,Emalaidea,River,114 m³/s,43 km,0.172 km,Emalaidea
327,Gourna,River,104 m³/s,48 km,0.172 km,Gourna
328,Pydnapitrea,River,34 m³/s,37 km,0.065 km,Apitros
329,Thymasesia,River,47 m³/s,35 km,0.065 km,Thymasesia
330,Picea,Fork,49 m³/s,33 km,0.043 km,Apitros
331,Smyrnas,Creek,74 m³/s,29 km,0.065 km,Smyrnas
332,Akroicea,River,40 m³/s,36 km,0.086 km,Akroicea
333,Syrolis,Fork,72 m³/s,31 km,0.065 km,Chiossos
334,Silerythra,River,83 m³/s,27 km,0.065 km,Apitros
335,Oniacos,Creek,74 m³/s,22 km,0.043 km,Chiossos
336,Poryrenes,River,98 m³/s,30 km,0.065 km,Poryrenes
338,Laolis,River,80 m³/s,30 km,0.108 km,Laolis
339,Rhithos,Fork,63 m³/s,34 km,0.065 km,Chiossos
340,Chios,Creek,83 m³/s,25 km,0.043 km,Apitros
341,Zakha,River,81 m³/s,32 km,0.065 km,Zakha
366,Aphenion,Fork,115 m³/s,153 km,0.193 km,Rhampiatea
367,Histhodiros,River,46 m³/s,33 km,0.065 km,Rhampiatea
368,Icyon,River,43 m³/s,36 km,0.043 km,Rhampiatea
369,Ninaionti,River,55 m³/s,41 km,0.172 km,Ninaionti
370,Rhamposia,River,94 m³/s,82 km,0.129 km,Polis
371,Dipodopolis,River,94 m³/s,133 km,0.172 km,Bybdeleubea
372,Gondos,Fork,246 m³/s,149 km,0.215 km,Rorypepoi
373,Eralylostos,River,52 m³/s,79 km,0.172 km,Eralylostos
374,Tegene,River,377 m³/s,153 km,0.366 km,Tegene
375,Amphidea,Fork,102 m³/s,61 km,0.172 km,Ecegi
376,Tores,River,109 m³/s,70 km,0.151 km,Samis
377,Rhampialia,River,90 m³/s,71 km,0.129 km,Rhamnos
378,Aeiatea,River,80 m³/s,37 km,0.129 km,Aeiatea
381,Plada,Fork,47 m³/s,33 km,0.043 km,Oporystho
382,Porinther,River,92 m³/s,45 km,0.193 km,Porinther
383,Argos,River,77 m³/s,49 km,0.172 km,Argos
384,Symalaguri,River,51 m³/s,41 km,0.151 km,Symalaguri
385,Athia,River,87 m³/s,45 km,0.172 km,Athia
386,Orysthexand,River,50 m³/s,31 km,0.065 km,Orysthexand
387,Pantipomis,River,46 m³/s,33 km,0.086 km,Pantipomis
388,Imbrossos,River,54 m³/s,40 km,0.086 km,Imbrossos
389,Tridea,River,40 m³/s,31 km,0.043 km,Tridea
390,Amphaga,Creek,60 m³/s,27 km,0.065 km,Amphaga
397,Tyrolis,River,78 m³/s,38 km,0.151 km,Tyrolis
398,Gorchia,Brook,52 m³/s,23 km,0.043 km,Gorchia
399,Morma,Creek,67 m³/s,26 km,0.065 km,Morma
400,Rhithym,River,429 m³/s,190 km,0.43 km,Rhithym
402,Larathepios,River,128 m³/s,67 km,0.193 km,Larathepios
412,Aktos,River,176 m³/s,129 km,0.215 km,Apitros
413,Thoniamaion,River,84 m³/s,111 km,0.151 km,Apitros
414,Apitros,River,11578 m³/s,1342 km,9.18 km,Apitros
417,Kimnos,Branch,54 m³/s,28 km,0.043 km,Amphidria
418,Siros,River,1227 m³/s,436 km,0.882 km,Siros
419,Rhamnaris,River,57 m³/s,34 km,0.065 km,Abros
420,Ampia,Fork,952 m³/s,761 km,0.925 km,Apitros
421,Ptenanos,Creek,58 m³/s,29 km,0.065 km,Abdekiondo
422,Thyra,River,32 m³/s,32 km,0.065 km,Ririkon
423,Deialaigost,Fork,84 m³/s,112 km,0.151 km,Apitros
424,Hepikasthe,River,102 m³/s,65 km,0.172 km,Hepikasthe
425,Oniaies,River,41 m³/s,67 km,0.108 km,Ririkon
427,Emeiaros,River,351 m³/s,206 km,0.409 km,Emeiaros
428,Iolcos,River,61 m³/s,40 km,0.108 km,Podessos
429,Athmonion,Fork,197 m³/s,95 km,0.172 km,Mypecera
431,Muroridauro,River,167 m³/s,75 km,0.215 km,Tyrase
433,Zakroinion,River,135 m³/s,260 km,0.322 km,Zakroinion
434,Temnamai,River,129 m³/s,102 km,0.172 km,Serontioch
435,Andonion,Fork,190 m³/s,73 km,0.193 km,Tyrase
437,Gormagios,River,119 m³/s,66 km,0.129 km,Diossos
438,Rolis,River,151 m³/s,60 km,0.215 km,Rolis
439,Oporystho,River,229 m³/s,53 km,0.258 km,Oporystho
440,Pitha,River,865 m³/s,379 km,0.538 km,Histheri
441,Dolynthebe,River,101 m³/s,51 km,0.172 km,Dolynthebe
442,Kales,River,103 m³/s,49 km,0.193 km,Kales
443,Mipolis,River,105 m³/s,51 km,0.193 km,Mipolis
444,Bybros,River,108 m³/s,42 km,0.172 km,Bybros
446,Smyrcyros,River,128 m³/s,58 km,0.193 km,Smyrcyros
447,Histhopodo,River,115 m³/s,66 km,0.172 km,Histhopodo
448,Askha,River,99 m³/s,47 km,0.193 km,Askha
449,Lefka,River,84 m³/s,36 km,0.151 km,Lefka
450,Histhyzan,Creek,120 m³/s,23 km,0.065 km,Histhyzan
451,Asktospian,River,67 m³/s,30 km,0.065 km,Asktospian
452,Stragurion,River,81 m³/s,33 km,0.065 km,Stragurion
454,Rhampoti,River,123 m³/s,30 km,0.086 km,Rhampoti
455,Argipiakou,Brook,80 m³/s,25 km,0.043 km,Argipiakou
456,Amaidauroti,River,72 m³/s,31 km,0.086 km,Amaidauroti
466,Chasos,River,72 m³/s,62 km,0.151 km,Apitros
469,Temnos,River,78 m³/s,53 km,0.129 km,Apia
470,Phikasthon,River,92 m³/s,38 km,0.151 km,Chiossos
471,Abros,River,2145 m³/s,1056 km,2.258 km,Abros
473,Typether,River,624 m³/s,372 km,0.667 km,Typether
474,Ninapa,Fork,42 m³/s,33 km,0.043 km,Psychia
475,Thernialy,River,56 m³/s,79 km,0.129 km,Histheri
477,Theosei,Fork,153 m³/s,108 km,0.172 km,Abros
479,Taraion,River,245 m³/s,110 km,0.215 km,Tyrase
481,Amphi,River,61 m³/s,51 km,0.108 km,Abros
482,Askra,River,638 m³/s,447 km,0.516 km,Apitros
483,Heleuthe,Fork,202 m³/s,143 km,0.193 km,Kores
484,Onchekus,River,35 m³/s,32 km,0.065 km,Kores
485,Histheri,River,3333 m³/s,714 km,2.129 km,Histheri
486,Paphenos,Fork,230 m³/s,168 km,0.237 km,Apitros
487,Podessos,River,1444 m³/s,375 km,0.946 km,Podessos
488,Solissa,River,62 m³/s,99 km,0.151 km,Siros
489,Hiesos,Branch,42 m³/s,22 km,0.022 km,Kores
490,Emena,River,72 m³/s,65 km,0.129 km,Siros
491,Themapalysa,River,145 m³/s,78 km,0.151 km,Siros
492,Phiceaga,Fork,56 m³/s,40 km,0.065 km,Aelamospon
493,Kassos,River,75 m³/s,87 km,0.129 km,Apitros
494,Orchodessos,River,2154 m³/s,841 km,1.763 km,Orchodessos
495,Phoniondope,Fork,72 m³/s,67 km,0.129 km,Ririkon
496,Pinia,River,51 m³/s,49 km,0.108 km,Typether
497,Tolis,River,63 m³/s,92 km,0.129 km,Histheri
498,Sparnasos,Fork,563 m³/s,474 km,0.559 km,Apitros
499,Rhamenemi,River,225 m³/s,113 km,0.193 km,Podessos
500,Tylis,River,44 m³/s,41 km,0.065 km,Chiossos
501,Akhamos,River,568 m³/s,290 km,0.581 km,Akhamos
502,Brausaipona,River,718 m³/s,275 km,0.581 km,Brausaipona
503,Empodos,River,317 m³/s,318 km,0.366 km,Orchosia
504,Kalia,Fork,45 m³/s,35 km,0.065 km,Kores
505,Marchianais,River,43 m³/s,83 km,0.129 km,Ririkon
506,Naurontizep,River,77 m³/s,47 km,0.129 km,Kores
507,Bybde,Fork,38 m³/s,39 km,0.065 km,Amphidria
508,Pymala,River,159 m³/s,66 km,0.193 km,Pymala
509,Marna,River,72 m³/s,100 km,0.129 km,Apitros
510,Ricealydon,Fork,59 m³/s,38 km,0.086 km,Apitros
511,Peicea,Creek,49 m³/s,26 km,0.043 km,Histheri
513,Kamia,Fork,163 m³/s,65 km,0.151 km,Bylis
514,Massos,River,48 m³/s,38 km,0.065 km,Bybdeleubea
515,Dosiaponos,River,149 m³/s,163 km,0.193 km,Apitros
516,Dileleginoi,Fork,56 m³/s,45 km,0.129 km,Leitatea
517,Acharchiapa,River,43 m³/s,39 km,0.065 km,Asktos
518,Delphigost,River,71 m³/s,68 km,0.151 km,Histheri
519,Megalysosme,Fork,90 m³/s,75 km,0.151 km,Apitros
520,Hubrosponti,River,642 m³/s,273 km,0.538 km,Hubrosponti
521,Peceia,River,46 m³/s,41 km,0.065 km,Leitatea
522,Rhyroporyst,Fork,117 m³/s,79 km,0.129 km,Ririkon
523,Lekroineia,River,51 m³/s,33 km,0.043 km,Abros
524,Eucianenion,River,131 m³/s,95 km,0.151 km,Aelamospon
525,Rorypepoi,River,837 m³/s,237 km,0.559 km,Rorypepoi
526,Bylos,River,367 m³/s,140 km,0.322 km,Bylos
527,Bythorintho,River,37 m³/s,59 km,0.108 km,Ririkon
529,Mypecera,River,728 m³/s,159 km,0.451 km,Mypecera
530,Mamis,River,92 m³/s,65 km,0.151 km,Imbdelea
531,Lekradanos,Fork,122 m³/s,60 km,0.129 km,Diossos
532,Phara,River,79 m³/s,56 km,0.129 km,Akramontion
533,Phita,River,109 m³/s,56 km,0.151 km,Amphidria
534,Thotiniamai,River,911 m³/s,236 km,0.602 km,Thotiniamai
535,Aegira,River,536 m³/s,170 km,0.43 km,Aegira
536,Pydros,River,212 m³/s,106 km,0.258 km,Pydros
537,Menai,River,251 m³/s,119 km,0.258 km,Menai
538,Laozodoros,River,367 m³/s,115 km,0.322 km,Laozodoros
540,Morna,Fork,181 m³/s,86 km,0.172 km,Diossos
541,Hubdeceneia,River,207 m³/s,96 km,0.237 km,Hubdeceneia
542,Zakronapagi,River,152 m³/s,76 km,0.237 km,Zakronapagi
543,Supakroi,Fork,343 m³/s,253 km,0.301 km,Histheri
544,Amphamea,River,54 m³/s,45 km,0.108 km,Nymphos
545,Melionti,River,205 m³/s,87 km,0.237 km,Melionti
548,Agrinasebai,River,66 m³/s,63 km,0.172 km,Agrinasebai
549,Nymphos,River,213 m³/s,89 km,0.237 km,Nymphos
550,Cytrodoryst,River,168 m³/s,80 km,0.215 km,Cytrodoryst
551,Delphisaion,River,66 m³/s,33 km,0.065 km,Methos
552,Stama,River,76 m³/s,51 km,0.172 km,Stama
553,Scidna,River,97 m³/s,48 km,0.172 km,Scidna
554,Setostos,River,75 m³/s,38 km,0.151 km,Setostos
555,Leklelalada,River,158 m³/s,50 km,0.193 km,Leklelalada
556,Sibethra,River,317 m³/s,78 km,0.258 km,Sibethra
557,Chalessos,River,78 m³/s,42 km,0.172 km,Chalessos
558,Thusaina,River,87 m³/s,60 km,0.172 km,Thusaina
559,Mukeraclea,River,47 m³/s,37 km,0.129 km,Mukeraclea
562,Athropos,River,60 m³/s,41 km,0.151 km,Athropos
563,Argoscucia,River,73 m³/s,44 km,0.172 km,Argoscucia
564,Aicossa,River,57 m³/s,38 km,0.086 km,Aicossa
565,Delphicea,River,76 m³/s,46 km,0.172 km,Delphicea
567,Magrala,River,91 m³/s,33 km,0.108 km,Magrala
568,Kourion,Creek,85 m³/s,27 km,0.086 km,Kourion
570,Orearos,Creek,75 m³/s,28 km,0.065 km,Orearos
571,Aegea,Creek,120 m³/s,24 km,0.108 km,Aegea
572,Myoceagios,Brook,69 m³/s,28 km,0.065 km,Myoceagios
573,Sesmos,Creek,68 m³/s,25 km,0.065 km,Sesmos
574,Bytria,Stream,77 m³/s,23 km,0.043 km,Bytria
595,Lirossos,River,35 m³/s,32 km,0.043 km,Ririkon
596,Sicos,Creek,34 m³/s,30 km,0.043 km,Otigosthos
597,Paselos,Fork,46 m³/s,34 km,0.043 km,Nymphidam
598,Helgi,River,101 m³/s,68 km,0.129 km,Rhithym
599,Laozorita,River,123 m³/s,102 km,0.151 km,Diossos
602,Kales,River,235 m³/s,229 km,0.279 km,Ririkon
603,Lefkapase,River,104 m³/s,30 km,0.086 km,Lefkapase
604,Bytos,River,43 m³/s,28 km,0.043 km,Bytos
605,Kossos,River,565 m³/s,189 km,0.43 km,Kossos
606,Theron,Fork,54 m³/s,46 km,0.108 km,Leitatea
609,Askroi,River,132 m³/s,73 km,0.193 km,Askroi
610,Siralialo,River,123 m³/s,62 km,0.193 km,Siralialo
612,Tanagramai,River,65 m³/s,48 km,0.151 km,Tanagramai
613,Ponia,River,76 m³/s,40 km,0.086 km,Ponia
614,Kamon,Stream,50 m³/s,24 km,0.043 km,Kamon
615,Oloridam,River,79 m³/s,21 km,0.043 km,Oloridam
628,Donia,River,55 m³/s,36 km,0.086 km,Chiossos
629,Papolonia,River,87 m³/s,58 km,0.129 km,Apitros
630,Nympia,Fork,57 m³/s,31 km,0.043 km,Aphidyrian
631,Planais,River,55 m³/s,26 km,0.043 km,Chiossos
632,Temna,River,40 m³/s,31 km,0.043 km,Chiossos
636,Aegaiponia,Branch,59 m³/s,27 km,0.043 km,Chiossos
638,Imbdelea,River,439 m³/s,165 km,0.43 km,Imbdelea
641,Kouros,River,117 m³/s,51 km,0.151 km,Aphidyrian
642,Cleolis,Fork,62 m³/s,55 km,0.129 km,Apia
643,Kamei,River,700 m³/s,60 km,1.118 km,Chiossos
644,Kimpopomeia,River,344 m³/s,164 km,0.387 km,Kimpopomeia
645,Thyrekion,Fork,47 m³/s,94 km,0.129 km,Ririkon
646,Neala,River,60 m³/s,40 km,0.065 km,Kimpopomeia
648,Itheiara,Fork,90 m³/s,75 km,0.129 km,Diossos
649,Dopos,River,80 m³/s,40 km,0.086 km,Rhithym
650,Ablossaris,River,249 m³/s,309 km,0.322 km,Orchodessos
651,Ninatis,River,189 m³/s,104 km,0.237 km,Ninatis
652,Syraris,River,185 m³/s,156 km,0.215 km,Orchosia
654,Nauphidria,Fork,71 m³/s,34 km,0.043 km,Rorypepoi
658,Kimeridau,River,126 m³/s,208 km,0.237 km,Ririkon
659,Skylopodi,River,271 m³/s,120 km,0.279 km,Skylopodi
660,Orysthega,River,56 m³/s,49 km,0.151 km,Orysthega
663,Hyeleos,Fork,77 m³/s,77 km,0.151 km,Thylos
665,Onche,River,39 m³/s,38 km,0.065 km,Psychia
667,Emnos,Creek,57 m³/s,29 km,0.043 km,Teospian
669,Epolis,River,157 m³/s,59 km,0.215 km,Epolis
670,Piton,River,103 m³/s,57 km,0.193 km,Piton
671,Pibethmodo,River,129 m³/s,51 km,0.172 km,Pibethmodo
672,Troylos,River,64 m³/s,41 km,0.151 km,Troylos
673,Ampsostos,River,211 m³/s,50 km,0.258 km,Ampsostos
674,Emnos,River,62 m³/s,50 km,0.151 km,Emnos
675,Deribethre,River,116 m³/s,35 km,0.151 km,Deribethre
676,Ilepi,Creek,74 m³/s,28 km,0.065 km,Ilepi
677,Imblama,River,51 m³/s,28 km,0.065 km,Imblama
678,Emnos,River,45 m³/s,33 km,0.065 km,Emnos
679,Thyma,Creek,56 m³/s,30 km,0.065 km,Thyma
680,Murion,River,100 m³/s,35 km,0.129 km,Murion
681,Tagaion,River,71 m³/s,32 km,0.086 km,Tagaion
682,Manticear,Creek,69 m³/s,25 km,0.043 km,Manticear
683,Hizida,River,57 m³/s,35 km,0.086 km,Hizida
684,Symaros,River,59 m³/s,35 km,0.108 km,Symaros
685,Leiton,Creek,75 m³/s,29 km,0.065 km,Leiton
686,Popossa,Creek,79 m³/s,24 km,0.065 km,Popossa
713,Dopolis,River,697 m³/s,472 km,0.538 km,Apitros
714,Piporion,Fork,40 m³/s,51 km,0.108 km,Apitros
716,Sparma,River,109 m³/s,143 km,0.172 km,Otigosthos
718,Henionos,River,81 m³/s,110 km,0.172 km,Ririkon
720,Dotinionti,Fork,43 m³/s,53 km,0.108 km,Apitros
721,Lekros,River,1357 m³/s,568 km,1.118 km,Lekros
722,Gormelo,River,50 m³/s,61 km,0.129 km,Ririkon
723,Delpha,Fork,45 m³/s,49 km,0.108 km,Kores
724,Chios,River,35 m³/s,36 km,0.065 km,Histheri
725,Delphipo,River,51 m³/s,93 km,0.129 km,Ririkon
726,Hienos,Fork,62 m³/s,131 km,0.151 km,Ririkon
728,Poridampia,River,103 m³/s,104 km,0.151 km,Ririkon
729,Histhos,Fork,74 m³/s,105 km,0.151 km,Kores
730,Gourgysos,River,38 m³/s,34 km,0.065 km,Ririkon
731,Aenes,River,149 m³/s,114 km,0.193 km,Histheri
734,Magraseleut,River,58 m³/s,38 km,0.065 km,Amphidna
735,Akhagipolis,Fork,422 m³/s,312 km,0.387 km,Diossos
736,Tyreumna,River,92 m³/s,71 km,0.151 km,Histheri
737,Thodopopena,River,149 m³/s,113 km,0.172 km,Histheri
738,Surolis,Fork,115 m³/s,184 km,0.215 km,Otigosthos
739,Delphina,River,49 m³/s,32 km,0.065 km,Lekros
740,Diondos,River,317 m³/s,224 km,0.279 km,Apitros
741,Peracleacos,Fork,45 m³/s,35 km,0.043 km,Apitros
742,Temnos,River,134 m³/s,150 km,0.193 km,Amphidna
744,Diossos,River,4604 m³/s,1261 km,3.72 km,Diossos
745,Lameinon,River,544 m³/s,252 km,0.473 km,Lameinon
746,Lefkaselos,River,86 m³/s,94 km,0.151 km,Otigosthos
747,Nidea,Fork,82 m³/s,83 km,0.129 km,Histheri
748,Cornas,River,1610 m³/s,353 km,0.968 km,Cornas
752,Kalbia,River,49 m³/s,55 km,0.129 km,Kores
753,Hepilelea,Branch,55 m³/s,27 km,0.043 km,Histheri
755,Troton,River,41 m³/s,37 km,0.065 km,Ririkon
756,Smyrgytos,Branch,50 m³/s,28 km,0.043 km,Orchosia
757,Argiphylos,River,318 m³/s,214 km,0.366 km,Argiphylos
760,Ptenion,River,105 m³/s,52 km,0.151 km,Brausaipona
761,Amamea,River,73 m³/s,66 km,0.129 km,Ririkon
762,Leontinolis,Fork,43 m³/s,41 km,0.065 km,Diossos
763,Strarynthos,River,39 m³/s,58 km,0.108 km,Abros
765,Epinon,River,194 m³/s,282 km,0.387 km,Epinon
766,Eleosmesia,River,249 m³/s,115 km,0.237 km,Diossos
767,Artakynthe,Creek,39 m³/s,26 km,0.043 km,Diossos
770,Bhrydona,River,81 m³/s,45 km,0.129 km,Aphidyrian
772,Ithon,River,32 m³/s,34 km,0.043 km,Abros
773,Boton,River,67 m³/s,77 km,0.129 km,Hesia
775,Dinebai,River,39 m³/s,38 km,0.065 km,Otigosthos
776,Agusai,River,284 m³/s,143 km,0.215 km,Orchosia
777,Histros,Fork,88 m³/s,115 km,0.172 km,Apitros
778,Orchosia,River,2799 m³/s,823 km,2.043 km,Orchosia
779,Kourionos,River,44 m³/s,35 km,0.065 km,Abdekiondo
780,Phais,Fork,82 m³/s,66 km,0.151 km,Ririkon
781,Histhidea,River,282 m³/s,203 km,0.258 km,Histheri
782,Paphiliphi,River,40 m³/s,34 km,0.065 km,Apitros
783,Otigenaicea,Fork,222 m³/s,214 km,0.237 km,Apitros
784,Syreleurion,River,505 m³/s,291 km,0.387 km,Ririkon
785,Rhytos,River,37 m³/s,35 km,0.065 km,Histheri
787,Myrnas,River,259 m³/s,269 km,0.301 km,Hesia
788,Hieleapome,River,69 m³/s,57 km,0.151 km,Typether
790,Tagubea,River,105 m³/s,106 km,0.151 km,Amphos
791,Nylis,River,81 m³/s,33 km,0.043 km,Abdekiondo
795,Bythergos,Fork,130 m³/s,189 km,0.215 km,Abros
796,Abros,River,68 m³/s,102 km,0.151 km,Apitros
797,Arnia,River,69 m³/s,70 km,0.129 km,Ririkon
798,Pantigost,Fork,58 m³/s,34 km,0.043 km,Typether
799,Artyn,River,58 m³/s,30 km,0.043 km,Apitros
800,Mulaicaros,River,60 m³/s,32 km,0.086 km,Apitros
801,Skylespon,River,1030 m³/s,237 km,0.667 km,Skylespon
803,Porinolis,River,182 m³/s,189 km,0.237 km,Orchodessos
805,Kaion,River,140 m³/s,66 km,0.151 km,Amphidna
807,Tolis,Fork,36 m³/s,41 km,0.065 km,Apitros
808,Theolis,River,144 m³/s,110 km,0.172 km,Cornas
810,Gournaliapo,Branch,42 m³/s,25 km,0.043 km,Amphidna
812,Armapa,River,62 m³/s,54 km,0.129 km,Hesia
815,Osiapola,River,50 m³/s,54 km,0.108 km,Orchosia
816,Kopocearas,Fork,1798 m³/s,82 km,2.451 km,Apitros
817,Smyrgan,River,67 m³/s,66 km,0.129 km,Akramontion
818,Golcos,River,332 m³/s,190 km,0.258 km,Juktos
820,Iolcos,Brook,46 m³/s,16 km,0.022 km,Polis
821,Aipatros,River,45 m³/s,82 km,0.108 km,Ririkon
822,Akramontion,River,525 m³/s,183 km,0.387 km,Akramontion
823,Pacostos,River,78 m³/s,35 km,0.086 km,Brausaipona
824,Byroreos,River,260 m³/s,117 km,0.193 km,Amphidna
827,Talamispon,River,568 m³/s,179 km,0.451 km,Talamispon
829,Saporionos,River,413 m³/s,186 km,0.301 km,Abdekiondo
830,Magri,River,349 m³/s,141 km,0.301 km,Magri
831,Myotidea,Fork,105 m³/s,84 km,0.129 km,Nyrian
832,Kimnos,River,227 m³/s,132 km,0.279 km,Kimnos
833,Abros,River,201 m³/s,209 km,0.344 km,Abros
834,Peidea,Fork,90 m³/s,66 km,0.129 km,Juktos
835,Delpia,River,255 m³/s,140 km,0.301 km,Delpia
836,Nymphamos,River,184 m³/s,133 km,0.258 km,Nymphamos
837,Amphos,River,1677 m³/s,581 km,1.225 km,Amphos
838,Niris,River,87 m³/s,41 km,0.065 km,Aegira
839,Scidros,River,167 m³/s,124 km,0.258 km,Scidros
840,Nymphos,Fork,47 m³/s,33 km,0.065 km,Akramontion
842,Kalcis,River,87 m³/s,52 km,0.129 km,Rorypepoi
843,Juktos,River,849 m³/s,194 km,0.538 km,Juktos
844,Camiatera,River,164 m³/s,125 km,0.172 km,Orchodessos
846,Hyemapapo,River,198 m³/s,118 km,0.258 km,Hyemapapo
847,Askralidyma,River,50 m³/s,48 km,0.129 km,Imbdelea
848,Crolis,River,63 m³/s,45 km,0.108 km,Podessos
849,Dirigera,Fork,65 m³/s,51 km,0.129 km,Bylos
852,Cyrolynthos,Fork,54 m³/s,43 km,0.065 km,Bylos
853,Ephidnase,River,206 m³/s,77 km,0.172 km,Dikon
855,Iagusis,Fork,72 m³/s,54 km,0.129 km,Juktos
857,Opori,River,59 m³/s,59 km,0.129 km,Pydnaies
858,Cropeceri,Branch,59 m³/s,29 km,0.043 km,Thotiniamai
859,Smyrgos,River,72 m³/s,35 km,0.086 km,Thotiniamai
860,Paphe,River,199 m³/s,95 km,0.237 km,Paphe
861,Papithema,Fork,55 m³/s,48 km,0.086 km,Inepigepi
862,Cythos,River,345 m³/s,102 km,0.279 km,Cythos
863,Lagubeate,River,98 m³/s,59 km,0.151 km,Leicos
864,Euciateia,River,70 m³/s,52 km,0.172 km,Euciateia
865,Pepicargip,River,153 m³/s,53 km,0.258 km,Pepicargip
867,Tithiroscu,River,172 m³/s,68 km,0.193 km,Tithiroscu
868,Epsos,River,60 m³/s,55 km,0.108 km,Pebaina
869,Phais,River,136 m³/s,49 km,0.172 km,Thotiniamai
870,Syreum,River,121 m³/s,45 km,0.193 km,Syreum
871,Straseryth,River,96 m³/s,38 km,0.108 km,Straseryth
872,Achargan,River,58 m³/s,34 km,0.086 km,Achargan
873,Tyros,River,111 m³/s,47 km,0.172 km,Tyros
874,Bhrypera,River,119 m³/s,53 km,0.193 km,Bhrypera
878,Nidopolis,Creek,95 m³/s,28 km,0.108 km,Nidopolis
879,Aenai,River,97 m³/s,36 km,0.108 km,Aenai
880,Pteleuthos,River,96 m³/s,33 km,0.129 km,Pteleuthos
881,Oricodos,River,64 m³/s,38 km,0.086 km,Oricodos
882,Rhylos,River,64 m³/s,35 km,0.086 km,Rhylos
883,Nauphidna,Creek,52 m³/s,29 km,0.043 km,Nauphidna
911,Mype,River,270 m³/s,172 km,0.387 km,Mype
912,Leinoryst,Fork,161 m³/s,296 km,0.279 km,Ririkon
913,Gourga,River,252 m³/s,300 km,0.43 km,Gourga
914,Hyela,River,121 m³/s,78 km,0.151 km,Orchosia
915,Euros,River,372 m³/s,222 km,0.387 km,Euros
917,Nelalion,River,238 m³/s,111 km,0.215 km,Pitheniate
918,Cronaseia,Fork,399 m³/s,158 km,0.279 km,Cornas
919,Myrga,River,337 m³/s,206 km,0.366 km,Myrga
920,Cytion,Creek,62 m³/s,26 km,0.065 km,Cytion
924,Aidodes,Fork,66 m³/s,70 km,0.129 km,Cornas
925,Hubla,River,137 m³/s,174 km,0.279 km,Hubla
926,Merythrory,River,299 m³/s,133 km,0.322 km,Merythrory
927,Lekroiros,Fork,92 m³/s,55 km,0.151 km,Mypecera
928,Oricos,River,65 m³/s,32 km,0.086 km,Abdekiondo
929,Phiton,River,131 m³/s,103 km,0.151 km,Thylos
931,Erythmoryst,River,197 m³/s,120 km,0.258 km,Erythmoryst
932,Pydope,River,278 m³/s,104 km,0.301 km,Pydope
933,Hublos,Fork,63 m³/s,41 km,0.086 km,Serontioch
934,Pydnaies,River,243 m³/s,70 km,0.258 km,Pydnaies
935,Kouros,River,120 m³/s,73 km,0.193 km,Kouros
936,Dikon,River,159 m³/s,65 km,0.193 km,Dikon
937,Phais,River,308 m³/s,89 km,0.279 km,Phais
938,Agnepoine,Brook,45 m³/s,29 km,0.043 km,Aktos
939,Ialos,River,87 m³/s,52 km,0.193 km,Ialos
940,Koreaposei,River,63 m³/s,42 km,0.108 km,Koreaposei
941,Ampheiaros,Stream,116 m³/s,23 km,0.086 km,Ampheiaros
942,Thestias,River,61 m³/s,36 km,0.065 km,Thestias
943,Kimpiamaras,River,143 m³/s,44 km,0.193 km,Kimpiamaras
944,Pydna,Creek,61 m³/s,29 km,0.065 km,Pydna
945,Lalaiton,River,117 m³/s,38 km,0.172 km,Lalaiton
946,Cydon,Creek,112 m³/s,24 km,0.108 km,Cydon
947,Crodoryzan,River,80 m³/s,37 km,0.108 km,Crodoryzan
948,Miniakynt,Creek,103 m³/s,29 km,0.086 km,Miniakynt
949,Lefkanaissa,River,96 m³/s,26 km,0.065 km,Lefkanaissa
950,Histhenai,Creek,66 m³/s,29 km,0.065 km,Histhenai
951,Throrinthos,Creek,74 m³/s,24 km,0.043 km,Throrinthos
952,Hepicolis,Stream,59 m³/s,28 km,0.065 km,Hepicolis
953,Sikon,River,102 m³/s,34 km,0.108 km,Sikon
954,Mypera,Creek,70 m³/s,26 km,0.065 km,Mypera
955,Byblos,Creek,71 m³/s,22 km,0.065 km,Byblos
956,Apsos,Brook,72 m³/s,23 km,0.065 km,Apsos
957,Pytos,River,81 m³/s,27 km,0.065 km,Pytos
989,Egakynthos,River,257 m³/s,118 km,0.215 km,Aphidyrian
990,Hubros,Fork,58 m³/s,30 km,0.043 km,Kossos
992,Tralyrasos,River,93 m³/s,55 km,0.129 km,Pydros
994,Ririkon,River,6131 m³/s,771 km,6.665 km,Ririkon
996,Aktospon,Fork,36 m³/s,47 km,0.108 km,Ririkon
997,Kolis,River,77 m³/s,58 km,0.129 km,Orchosia
998,Siponiaras,River,102 m³/s,53 km,0.172 km,Siponiaras
999,Lefka,Creek,81 m³/s,25 km,0.086 km,Lefka
1001,Murorigost,River,162 m³/s,141 km,0.279 km,Murorigost
1002,Melion,Fork,71 m³/s,44 km,0.129 km,Kossos
1003,Latis,River,80 m³/s,56 km,0.172 km,Latis
1004,Mekus,River,67 m³/s,56 km,0.172 km,Mekus
1021,Thaphegime,River,33 m³/s,31 km,0.043 km,Ririkon
1022,Enapatege,River,41 m³/s,36 km,0.043 km,Orchosia
1023,Terythra,Fork,41 m³/s,34 km,0.043 km,Amphos
1024,Kousairige,River,56 m³/s,58 km,0.129 km,Orchosia
1025,Byrossaion,River,82 m³/s,78 km,0.129 km,Ririkon
1026,Pydna,Fork,48 m³/s,61 km,0.108 km,Ririkon
1028,Orymapon,River,189 m³/s,196 km,0.237 km,Apitros
1029,Vatha,Fork,99 m³/s,78 km,0.151 km,Orchosia
1030,Theoreos,River,84 m³/s,39 km,0.086 km,Orchosia
1031,Pitheniate,River,1181 m³/s,447 km,0.882 km,Pitheniate
1032,Pholi,Fork,48 m³/s,92 km,0.129 km,Abros
1034,Akros,River,67 m³/s,48 km,0.108 km,Ririkon
1035,Jukroicos,Fork,50 m³/s,62 km,0.108 km,Apitros
1036,Arnas,River,46 m³/s,35 km,0.065 km,Orchosia
1037,Gorgos,River,61 m³/s,62 km,0.129 km,Ririkon
1038,Dionticea,Fork,159 m³/s,174 km,0.215 km,Abros
1039,Pyriaion,River,66 m³/s,46 km,0.086 km,Orchosia
1040,Chalbia,River,43 m³/s,42 km,0.065 km,Orchosia
1041,Pyrmelea,Fork,40 m³/s,40 km,0.065 km,Ririkon
1043,Deleuthe,River,46 m³/s,85 km,0.129 km,Abros
1044,Acharta,Fork,54 m³/s,36 km,0.065 km,Diossos
1045,Cythos,River,96 m³/s,47 km,0.193 km,Cythos
1047,Chalcissa,Branch,56 m³/s,19 km,0.043 km,Tegene
1048,Nenossos,River,354 m³/s,166 km,0.344 km,Nenossos
1051,Itholis,River,77 m³/s,104 km,0.129 km,Diossos
1053,Naucraion,Fork,193 m³/s,123 km,0.193 km,Amphos
1054,Aepita,River,46 m³/s,42 km,0.065 km,Diossos
1056,Epiros,Fork,78 m³/s,112 km,0.151 km,Ririkon
1057,Ponarathega,River,450 m³/s,227 km,0.322 km,Diossos
1058,Menepira,River,211 m³/s,232 km,0.258 km,Kores
1059,Akrossos,Branch,38 m³/s,27 km,0.043 km,Orchodessos
1060,Naupha,River,331 m³/s,201 km,0.279 km,Kores
1062,Thapiapit,Fork,46 m³/s,67 km,0.108 km,Siros
1063,Lalicyon,River,172 m³/s,135 km,0.193 km,Diossos
1064,Paphylos,River,125 m³/s,111 km,0.172 km,Diossos
1065,Tronion,Fork,43 m³/s,31 km,0.065 km,Siros
1067,Stymphi,River,332 m³/s,393 km,0.538 km,Stymphi
1068,Trolissos,Fork,55 m³/s,56 km,0.108 km,Orchodessos
1069,Panos,River,77 m³/s,39 km,0.086 km,Orchosia
1070,Eubeatea,River,302 m³/s,177 km,0.258 km,Histheri
1072,Pepoipoton,River,40 m³/s,35 km,0.065 km,Kores
1074,Aenai,Fork,81 m³/s,84 km,0.151 km,Siros
1077,Zakrorestos,Fork,103 m³/s,69 km,0.129 km,Ririkon
1078,Morchiaga,River,93 m³/s,85 km,0.151 km,Orchodessos
1079,Hublossara,River,187 m³/s,66 km,0.172 km,Orchosia
1081,Myrniapolis,River,747 m³/s,255 km,0.581 km,Myrniapolis
1082,Bylis,River,612 m³/s,278 km,0.516 km,Bylis
1083,Tauratesos,Fork,113 m³/s,123 km,0.193 km,Diossos
1084,Agritada,River,118 m³/s,78 km,0.172 km,Histheri
1085,Gorgan,River,1385 m³/s,280 km,0.817 km,Gorgan
1086,Memea,Fork,91 m³/s,115 km,0.151 km,Siros
1087,Naukeron,River,53 m³/s,43 km,0.108 km,Apia
1089,Thetakouri,Fork,82 m³/s,60 km,0.129 km,Myrniapolis
1090,Eleameido,River,471 m³/s,194 km,0.409 km,Eleameido
1092,Egenaidopo,Fork,115 m³/s,68 km,0.151 km,Myrniapolis
1093,Tytostos,River,37 m³/s,45 km,0.065 km,Orchodessos
1095,Araiontossa,Fork,45 m³/s,36 km,0.065 km,Eleameido
1096,Kolis,River,55 m³/s,51 km,0.108 km,Orchodessos
1100,Soreos,River,242 m³/s,172 km,0.322 km,Soreos
1101,Gyria,Branch,42 m³/s,23 km,0.022 km,Akhamos
1102,Paphidamnos,River,72 m³/s,80 km,0.151 km,Typether
1103,Hielion,River,106 m³/s,138 km,0.237 km,Hielion
1104,Laguronos,Fork,130 m³/s,90 km,0.151 km,Hubrosponti
1105,Thymagurion,River,127 m³/s,149 km,0.172 km,Amphidna
1106,Sidearynt,River,82 m³/s,86 km,0.129 km,Juktos
1107,Pinesmos,Fork,306 m³/s,138 km,0.237 km,Gorgan
1108,Helonianag,River,68 m³/s,106 km,0.151 km,Orchodessos
1109,Eleutriara,River,177 m³/s,150 km,0.258 km,Eleutriara
1110,Kolis,Fork,60 m³/s,68 km,0.108 km,Lameinon
1112,Asktos,River,58 m³/s,85 km,0.129 km,Typether
1113,Onion,Fork,109 m³/s,81 km,0.129 km,Lameinon
1115,Amphizepha,River,41 m³/s,39 km,0.065 km,Magri
1120,Kylos,River,104 m³/s,60 km,0.129 km,Myrniapolis
1122,Thergypetro,Fork,167 m³/s,86 km,0.151 km,Mypecera
1123,Rhithi,River,66 m³/s,46 km,0.108 km,Juktos
1125,Antos,River,162 m³/s,95 km,0.237 km,Antos
1127,Amphymale,River,153 m³/s,79 km,0.172 km,Thotiniamai
1128,Tropodes,Fork,198 m³/s,65 km,0.172 km,Skylespon
1129,Exandnamis,River,143 m³/s,114 km,0.237 km,Exandnamis
1130,Nauclea,River,381 m³/s,114 km,0.344 km,Nauclea
1131,Akronion,River,89 m³/s,108 km,0.193 km,Akronion
1133,Pysaiontipo,River,81 m³/s,55 km,0.108 km,Lekros
1135,Tyrasebepi,River,65 m³/s,42 km,0.129 km,Nauclea
1137,Toribethre,Fork,61 m³/s,75 km,0.129 km,Stymphi
1138,Aelopodina,River,173 m³/s,93 km,0.237 km,Aelopodina
1141,Nauclea,River,59 m³/s,34 km,0.043 km,Magri
1142,Lelos,River,151 m³/s,84 km,0.215 km,Lelos
1143,Paphyrorion,Branch,54 m³/s,25 km,0.043 km,Podessos
1144,Orcholis,River,188 m³/s,90 km,0.215 km,Orcholis
1145,Esiaion,River,87 m³/s,55 km,0.129 km,Pydope
1146,Lasos,River,297 m³/s,79 km,0.258 km,Lasos
1147,Mepiceagios,River,124 m³/s,52 km,0.129 km,Gorgan
1149,Naucleapit,Fork,136 m³/s,45 km,0.172 km,Cythos
1151,Delpsos,River,66 m³/s,33 km,0.065 km,Nyrian
1152,Emacos,River,130 m³/s,66 km,0.193 km,Emacos
1153,Straris,River,66 m³/s,44 km,0.129 km,Antos
1154,Thuron,River,179 m³/s,68 km,0.193 km,Thuron
1155,Kyros,Fork,67 m³/s,35 km,0.086 km,Pebaina
1156,Lintion,River,58 m³/s,34 km,0.065 km,Aktassos
1158,Helcos,River,89 m³/s,58 km,0.172 km,Helcos
1159,Laolis,River,132 m³/s,71 km,0.151 km,Nauclea
1160,Picea,River,146 m³/s,58 km,0.193 km,Picea
1161,Marnas,Fork,88 m³/s,40 km,0.086 km,Dikon
1162,Teospian,River,208 m³/s,71 km,0.258 km,Teospian
1163,Minoicargan,River,55 m³/s,50 km,0.151 km,Minoicargan
1164,Zaktos,River,52 m³/s,54 km,0.151 km,Zaktos
1165,Paros,River,50 m³/s,46 km,0.151 km,Paros
1166,Imbla,River,177 m³/s,62 km,0.237 km,Imbla
1167,Boponia,River,77 m³/s,53 km,0.172 km,Boponia
1169,Epoinelaxos,Creek,66 m³/s,28 km,0.043 km,Thotiniamai
1170,Bythos,River,72 m³/s,53 km,0.172 km,Bythos
1171,Tamai,River,57 m³/s,58 km,0.151 km,Tamai
1172,Mulaizida,River,92 m³/s,45 km,0.172 km,Mulaizida
1173,Bytha,River,66 m³/s,45 km,0.172 km,Bytha
1175,Laletos,River,108 m³/s,48 km,0.193 km,Laletos
1177,Titheleutho,River,58 m³/s,51 km,0.151 km,Titheleutho
1178,Acharnas,River,80 m³/s,47 km,0.172 km,Acharnas
1179,Kolis,River,170 m³/s,51 km,0.215 km,Kolis
1180,Laolis,River,77 m³/s,53 km,0.172 km,Laolis
1181,Pydria,River,51 m³/s,30 km,0.065 km,Epolis
1182,Gourchiapit,Fork,70 m³/s,36 km,0.086 km,Athmosei
1183,Aktos,River,89 m³/s,45 km,0.172 km,Aktos
1185,Nydon,Fork,80 m³/s,38 km,0.086 km,Tyrase
1186,Iolicos,River,96 m³/s,54 km,0.193 km,Iolicos
1189,Naucraion,River,101 m³/s,54 km,0.129 km,Orchodessos
1190,Akropona,River,104 m³/s,56 km,0.151 km,Orchodessos
1192,Golbia,River,62 m³/s,36 km,0.086 km,Orchodessos
1193,Byrialysa,Brook,72 m³/s,29 km,0.086 km,Byrialysa
1194,Lalekus,Branch,42 m³/s,28 km,0.043 km,Orchodessos
1195,Chios,River,105 m³/s,34 km,0.086 km,Orchodessos
1197,Kimnos,River,107 m³/s,34 km,0.086 km,Kimnos
1200,Apithe,Fork,44 m³/s,32 km,0.065 km,Orchodessos
1201,Zaktas,River,51 m³/s,37 km,0.086 km,Zaktas
1202,Kossos,River,143 m³/s,34 km,0.108 km,Kossos
1203,Kalcos,River,59 m³/s,34 km,0.086 km,Kalcos
1204,Thaphos,River,66 m³/s,38 km,0.086 km,Thaphos
1205,Peigenepios,Creek,134 m³/s,23 km,0.086 km,Peigenepios
1206,Mortetos,Creek,48 m³/s,25 km,0.065 km,Mortetos
1207,Starynthe,River,59 m³/s,30 km,0.065 km,Starynthe
1208,Psychia,River,83 m³/s,27 km,0.065 km,Psychia
1209,Eurosia,Creek,70 m³/s,28 km,0.065 km,Eurosia
1211,Eleuthos,River,60 m³/s,30 km,0.065 km,Eleuthos
1212,Hemitamis,Brook,69 m³/s,27 km,0.065 km,Hemitamis
1213,Omenia,River,88 m³/s,37 km,0.086 km,Omenia
1214,Laodes,Creek,61 m³/s,21 km,0.043 km,Laodes
1215,Chios,Creek,95 m³/s,24 km,0.065 km,Chios
1216,Byronanais,River,91 m³/s,34 km,0.108 km,Byronanais
1217,Lampsos,Creek,98 m³/s,21 km,0.065 km,Lampsos
1218,Thyresossos,Creek,59 m³/s,28 km,0.065 km,Thyresossos
1219,Akroidea,River,67 m³/s,31 km,0.065 km,Akroidea
1220,Stymphos,River,54 m³/s,32 km,0.065 km,Stymphos
1221,Asemicos,Stream,75 m³/s,26 km,0.043 km,Asemicos
1222,Pyrorystro,River,100 m³/s,31 km,0.108 km,Pyrorystro
1223,Oncheiama,Brook,71 m³/s,24 km,0.043 km,Oncheiama
1224,Tanos,Brook,60 m³/s,25 km,0.065 km,Tanos
1321,Oreagatos,River,69 m³/s,31 km,0.043 km,Aphidyrian
1323,Skyla,Fork,61 m³/s,42 km,0.129 km,Ampsos
1327,Ninasene,River,64 m³/s,62 km,0.129 km,Diossos
1329,Athos,River,184 m³/s,116 km,0.237 km,Athos
1330,Kolis,River,56 m³/s,65 km,0.129 km,Kossos
1331,Tithe,River,156 m³/s,54 km,0.151 km,Kossos
1333,Stymphos,River,66 m³/s,33 km,0.065 km,Stymphos
1338,Cypekion,Fork,191 m³/s,50 km,0.322 km,Orchodessos
1339,Antos,River,913 m³/s,315 km,0.495 km,Diossos
1340,Bolis,River,86 m³/s,53 km,0.129 km,Diossos
1341,Chios,Branch,43 m³/s,19 km,0.022 km,Diossos
1342,Kybarisme,River,243 m³/s,175 km,0.237 km,Diossos
1344,Hienaralos,Fork,45 m³/s,32 km,0.043 km,Diossos
1345,Aeleubeara,River,122 m³/s,47 km,0.172 km,Amphos
1347,Ebaidoreos,Fork,58 m³/s,32 km,0.043 km,Histheri
1348,Epinoina,River,251 m³/s,122 km,0.258 km,Epinoina
1349,Myolis,River,541 m³/s,203 km,0.344 km,Cornas
1350,Paphirale,Fork,55 m³/s,61 km,0.129 km,Orchodessos
1355,Tagina,River,90 m³/s,67 km,0.151 km,Orchosia
1363,Myozocea,River,38 m³/s,34 km,0.065 km,Kores
1364,Psychiamos,River,116 m³/s,99 km,0.151 km,Siros
1366,Brauriassos,River,243 m³/s,156 km,0.215 km,Amphos
1367,Sinon,River,157 m³/s,118 km,0.237 km,Sinon
1368,Hyegea,Fork,102 m³/s,100 km,0.151 km,Ririkon
1369,Gourtanais,Creek,39 m³/s,23 km,0.043 km,Histheri
1370,Orchorea,River,86 m³/s,150 km,0.193 km,Ampsos
1373,Throres,River,101 m³/s,104 km,0.151 km,Gorgan
1374,Lekrateraca,Fork,37 m³/s,39 km,0.065 km,Kores
1375,Vathum,River,70 m³/s,53 km,0.129 km,Histheri
1376,Negeiapon,River,65 m³/s,55 km,0.172 km,Negeiapon
1377,Apomebaidau,Fork,54 m³/s,51 km,0.129 km,Kores
1378,Rinoizephos,River,94 m³/s,81 km,0.129 km,Talamispon
1379,Halialia,River,325 m³/s,191 km,0.366 km,Halialia
1380,Hubros,Fork,38 m³/s,37 km,0.065 km,Apia
1381,Mekustos,River,41 m³/s,34 km,0.065 km,Epinon
1383,Bybros,Fork,37 m³/s,44 km,0.065 km,Kores
1384,Teraga,River,55 m³/s,53 km,0.108 km,Siros
1385,Onchekussa,River,76 m³/s,28 km,0.086 km,Onchekussa
1386,Cythebegai,Fork,71 m³/s,43 km,0.065 km,Amphos
1389,Phalilea,Fork,68 m³/s,55 km,0.108 km,Orchosia
1391,Chios,River,166 m³/s,148 km,0.193 km,Kores
1392,Onche,Fork,46 m³/s,92 km,0.129 km,Apitros
1394,Micyon,River,36 m³/s,37 km,0.065 km,Kores
1395,Stympha,Fork,60 m³/s,67 km,0.129 km,Hesia
1396,Magragaion,River,44 m³/s,35 km,0.065 km,Amphos
1397,Apolopoti,River,122 m³/s,58 km,0.151 km,Amphos
1398,Lanagripodo,Fork,495 m³/s,156 km,0.279 km,Pitheniate
1399,Pithernas,River,307 m³/s,171 km,0.344 km,Pithernas
1400,Nicea,River,216 m³/s,173 km,0.322 km,Nicea
1401,Tridylos,Fork,64 m³/s,56 km,0.129 km,Pitheniate
1402,Chios,River,102 m³/s,87 km,0.151 km,Pitheniate
1403,Onala,River,217 m³/s,118 km,0.193 km,Ririkon
1404,Netos,Fork,132 m³/s,134 km,0.172 km,Kores
1405,Tagiosmelio,River,190 m³/s,147 km,0.279 km,Tagiosmelio
1406,Traies,River,49 m³/s,32 km,0.043 km,Ririkon
1407,Ampha,Fork,81 m³/s,57 km,0.129 km,Gorgan
1408,Nauphos,River,62 m³/s,72 km,0.129 km,Siros
1409,Agrira,River,110 m³/s,93 km,0.151 km,Kores
1410,Lekhamos,Fork,107 m³/s,123 km,0.172 km,Enaizidam
1411,Hyegicos,River,115 m³/s,71 km,0.151 km,Ririkon
1414,Hegaion,River,257 m³/s,127 km,0.301 km,Hegaion
1417,Lamphige,River,235 m³/s,126 km,0.279 km,Lamphige
1419,Hatos,Fork,70 m³/s,63 km,0.129 km,Cornas
1420,Amplios,River,264 m³/s,132 km,0.258 km,Amplios
1421,Histhos,River,46 m³/s,64 km,0.108 km,Tagiosmelio
1422,Denaicear,Fork,94 m³/s,81 km,0.151 km,Histheri
1423,Vathos,River,191 m³/s,126 km,0.258 km,Vathos
1424,Amphicarta,River,232 m³/s,99 km,0.172 km,Histheri
1425,Sparnaion,Fork,71 m³/s,33 km,0.065 km,Skylespon
1426,Tyriantipo,River,175 m³/s,122 km,0.193 km,Amphos
1427,Myododonia,River,42 m³/s,45 km,0.065 km,Gorgan
1429,Pyros,River,142 m³/s,143 km,0.237 km,Pyros
1430,Trosiakou,River,41 m³/s,31 km,0.043 km,Cornas
1431,Bybros,Fork,148 m³/s,37 km,0.129 km,Talamispon
1433,Scidna,River,194 m³/s,119 km,0.258 km,Scidna
1434,Anos,Fork,93 m³/s,39 km,0.086 km,Amphos
1435,Aktassos,River,300 m³/s,123 km,0.322 km,Aktassos
1436,Tysos,River,108 m³/s,47 km,0.129 km,Gorgan
1437,Paion,River,117 m³/s,106 km,0.215 km,Paion
1438,Ioles,River,267 m³/s,115 km,0.279 km,Ioles
1440,Temnos,Fork,92 m³/s,80 km,0.129 km,Talamispon
1442,Midocea,River,230 m³/s,116 km,0.301 km,Midocea
1443,Enaicearis,River,112 m³/s,98 km,0.193 km,Enaicearis
1444,Syrebai,River,51 m³/s,43 km,0.108 km,Halialia
1445,Temelea,River,77 m³/s,63 km,0.129 km,Golamaion
1448,Enaizidam,River,303 m³/s,109 km,0.301 km,Enaizidam
1452,Taris,Fork,50 m³/s,57 km,0.108 km,Myrga
1453,Magramia,River,45 m³/s,62 km,0.108 km,Hegaion
1454,Zakhara,River,67 m³/s,63 km,0.129 km,Cornas
1455,Leontinon,Fork,55 m³/s,38 km,0.065 km,Histheri
1457,Ampha,River,50 m³/s,44 km,0.108 km,Thylos
1458,Amphyra,Fork,75 m³/s,62 km,0.129 km,Mypecera
1459,Ephanagri,River,58 m³/s,47 km,0.108 km,Amphidna
1460,Cortyn,River,42 m³/s,31 km,0.043 km,Pitheniate
1461,Zamon,River,102 m³/s,83 km,0.193 km,Zamon
1462,Athos,River,89 m³/s,50 km,0.151 km,Ririkon
1463,Opolis,River,86 m³/s,61 km,0.129 km,Epinoina
1464,Athresia,Fork,44 m³/s,51 km,0.108 km,Myrga
1465,Strasos,River,50 m³/s,30 km,0.043 km,Orchosia
1466,Solissos,River,189 m³/s,106 km,0.237 km,Solissos
1468,Imbdenes,River,226 m³/s,96 km,0.237 km,Imbdenes
1469,Tauroripo,River,63 m³/s,31 km,0.065 km,Lamphige
1471,Hieleurizi,River,114 m³/s,88 km,0.193 km,Hieleurizi
1472,Gorna,River,195 m³/s,88 km,0.215 km,Gorna
1473,Iolcos,Branch,94 m³/s,23 km,0.065 km,Orchosia
1476,Bytos,Fork,63 m³/s,53 km,0.129 km,Imbdenes
1477,Pantionti,River,289 m³/s,83 km,0.279 km,Pantionti
1483,Paliceaies,River,139 m³/s,79 km,0.193 km,Paliceaies
1485,Thusis,Fork,60 m³/s,34 km,0.043 km,Halialia
1486,Mapamaraly,River,73 m³/s,95 km,0.193 km,Mapamaraly
1488,Kalcis,Fork,129 m³/s,75 km,0.151 km,Nyrian
1489,Kydoricos,River,59 m³/s,56 km,0.129 km,Solissos
1490,Gourganos,River,37 m³/s,30 km,0.043 km,Hesia
1492,Sydomis,River,66 m³/s,60 km,0.129 km,Histheri
1493,Magnela,River,50 m³/s,46 km,0.065 km,Histheri
1494,Kalcos,River,117 m³/s,78 km,0.193 km,Kalcos
1495,Opepibethmo,River,99 m³/s,48 km,0.129 km,Aegira
1497,Myrian,Fork,60 m³/s,45 km,0.065 km,Gorna
1498,Minaliase,River,81 m³/s,81 km,0.172 km,Minaliase
1499,Nydolicyon,River,79 m³/s,74 km,0.172 km,Nydolicyon
1500,Skyles,River,102 m³/s,73 km,0.172 km,Skyles
1501,Emepi,River,127 m³/s,78 km,0.193 km,Emepi
1502,Heiateane,River,60 m³/s,33 km,0.065 km,Diossos
1503,Neagas,Fork,39 m³/s,32 km,0.043 km,Amphidna
1505,Sulai,River,66 m³/s,37 km,0.065 km,Eleameido
1507,Aenatis,River,133 m³/s,74 km,0.193 km,Aenatis
1509,Syros,River,97 m³/s,72 km,0.172 km,Syros
1510,Pepios,River,73 m³/s,63 km,0.151 km,Pepios
1512,Abdekus,Fork,158 m³/s,52 km,0.151 km,Nyrian
1513,Eulainaxos,River,39 m³/s,35 km,0.043 km,Solissos
1514,Argos,River,68 m³/s,52 km,0.129 km,Skylamei
1516,Kybapa,River,60 m³/s,39 km,0.086 km,Skylamei
1517,Sessalion,River,69 m³/s,36 km,0.065 km,Tegene
1518,Theoreos,Fork,59 m³/s,35 km,0.043 km,Thaplios
1519,Golcos,River,85 m³/s,83 km,0.193 km,Golcos
1522,Thaplios,River,192 m³/s,66 km,0.215 km,Thaplios
1525,Ithera,River,157 m³/s,74 km,0.193 km,Ithera
1526,Stralica,River,86 m³/s,67 km,0.193 km,Stralica
1527,Selion,Fork,73 m³/s,45 km,0.129 km,Rorypepoi
1528,Doposia,River,127 m³/s,73 km,0.193 km,Doposia
1529,Rolis,River,60 m³/s,43 km,0.129 km,Hegaion
1530,Metha,River,95 m³/s,64 km,0.172 km,Metha
1531,Ptegaitalai,River,103 m³/s,54 km,0.172 km,Ptegaitalai
1532,Epina,River,190 m³/s,64 km,0.215 km,Epina
1533,Peleuros,Fork,42 m³/s,44 km,0.065 km,Cornas
1534,Serontioch,River,337 m³/s,67 km,0.301 km,Serontioch
1535,Exandros,River,55 m³/s,31 km,0.043 km,Apitros
1536,Erara,River,102 m³/s,70 km,0.215 km,Erara
1537,Pydriatis,River,195 m³/s,69 km,0.193 km,Pydriatis
1538,Osiamalion,River,44 m³/s,30 km,0.043 km,Talamispon
1539,Skylamei,River,236 m³/s,75 km,0.237 km,Skylamei
1540,Ptela,River,142 m³/s,58 km,0.193 km,Ptela
1542,Ninon,River,105 m³/s,75 km,0.172 km,Ninon
1543,Imbros,River,76 m³/s,59 km,0.129 km,Tithiroscu
1544,Bhryba,River,105 m³/s,45 km,0.151 km,Pantionti
1547,Athrodos,River,154 m³/s,47 km,0.237 km,Athrodos
1549,Hiris,River,95 m³/s,62 km,0.172 km,Hiris
1552,Nympha,Creek,40 m³/s,14 km,0.022 km,Paliceaies
1554,Magri,River,98 m³/s,53 km,0.193 km,Magri
1556,Hameizidysa,River,82 m³/s,38 km,0.129 km,Myrniapolis
1557,Diostos,River,62 m³/s,53 km,0.151 km,Diostos
1558,Surion,River,60 m³/s,31 km,0.086 km,Ithera
1560,Chapon,River,81 m³/s,50 km,0.172 km,Chapon
1562,Morganti,River,70 m³/s,30 km,0.065 km,Aphidyrian
1563,Naucra,River,59 m³/s,57 km,0.151 km,Naucra
1565,Braurias,River,95 m³/s,47 km,0.193 km,Braurias
1566,Traras,River,72 m³/s,47 km,0.172 km,Traras
1570,Dopopos,River,54 m³/s,40 km,0.065 km,Emacos
1571,Iamos,River,53 m³/s,22 km,0.043 km,Skylopodi
1572,Mesmos,River,91 m³/s,51 km,0.172 km,Mesmos
1573,Pydolis,River,131 m³/s,38 km,0.193 km,Pydolis
1577,Polinonia,River,130 m³/s,46 km,0.172 km,Polinonia
1578,Piton,River,94 m³/s,48 km,0.172 km,Piton
1580,Gyregaponia,River,83 m³/s,43 km,0.172 km,Gyregaponia
1581,Pidalyzan,River,76 m³/s,52 km,0.172 km,Pidalyzan
1582,Lenai,River,158 m³/s,43 km,0.215 km,Lenai
1583,Kimnos,River,89 m³/s,41 km,0.151 km,Kimnos
1584,Aibethmodo,River,86 m³/s,42 km,0.172 km,Aibethmodo
1586,Theleulai,River,100 m³/s,50 km,0.193 km,Theleulai
1587,Akhatis,Fork,51 m³/s,31 km,0.043 km,Rotontigegi
1588,Kydon,Stream,54 m³/s,30 km,0.043 km,Athrodos
1589,Psychraris,Brook,82 m³/s,29 km,0.043 km,Histheri
1590,Inepigepi,River,144 m³/s,54 km,0.193 km,Inepigepi
1591,Gorgos,River,121 m³/s,56 km,0.237 km,Gorgos
1592,Pylis,River,54 m³/s,37 km,0.086 km,Pylis
1593,Amphyrale,River,79 m³/s,41 km,0.172 km,Amphyrale
1594,Pebaina,River,266 m³/s,61 km,0.237 km,Pebaina
1596,Zanais,River,121 m³/s,50 km,0.172 km,Zanais
1597,Onche,Creek,48 m³/s,28 km,0.043 km,Onche
1599,Bythos,River,66 m³/s,50 km,0.151 km,Bythos
1600,Titros,River,46 m³/s,36 km,0.086 km,Titros
1602,Toreapaion,River,54 m³/s,33 km,0.065 km,Toreapaion
1603,Corga,River,75 m³/s,30 km,0.065 km,Corga
1604,Leinara,River,165 m³/s,49 km,0.237 km,Leinara
1605,Antiondonia,River,113 m³/s,39 km,0.086 km,Antiondonia
1606,Lampia,River,58 m³/s,34 km,0.108 km,Lampia
1607,Picos,River,60 m³/s,41 km,0.086 km,Picos
1608,Laosialaita,River,49 m³/s,39 km,0.086 km,Laosialaita
1609,Type,River,71 m³/s,35 km,0.086 km,Type
1610,Akramia,River,57 m³/s,35 km,0.065 km,Akramia
1611,Lagicyonti,Creek,87 m³/s,29 km,0.086 km,Lagicyonti
1612,Golbialyro,River,64 m³/s,41 km,0.086 km,Golbialyro
1613,Tempia,Brook,78 m³/s,29 km,0.065 km,Tempia
1614,Stymphos,River,115 m³/s,38 km,0.108 km,Stymphos
1615,Kouriliphi,River,77 m³/s,35 km,0.065 km,Kouriliphi
1616,Aktos,River,143 m³/s,49 km,0.193 km,Aktos
1617,Athameagi,Creek,87 m³/s,28 km,0.065 km,Athameagi
1618,Gorgos,River,60 m³/s,27 km,0.065 km,Gorgos
1619,Argylos,Brook,106 m³/s,28 km,0.086 km,Argylos
1621,Canepios,River,85 m³/s,34 km,0.129 km,Canepios
1622,Eratea,River,59 m³/s,39 km,0.086 km,Eratea
1623,Scidna,Creek,65 m³/s,25 km,0.043 km,Scidna
1624,Nymphine,Creek,44 m³/s,26 km,0.043 km,Nymphine
1625,Onchenes,Stream,66 m³/s,26 km,0.065 km,Onchenes
1626,Pilega,River,61 m³/s,20 km,0.043 km,Pilega
1628,Laocea,Creek,85 m³/s,22 km,0.065 km,Laocea
1630,Eukema,River,53 m³/s,34 km,0.086 km,Eukema
1631,Thurolynt,River,73 m³/s,37 km,0.086 km,Thurolynt
1632,Epios,River,43 m³/s,32 km,0.043 km,Epios
1633,Plaliada,Creek,64 m³/s,28 km,0.065 km,Plaliada
1634,Cyreumnos,Creek,69 m³/s,29 km,0.065 km,Cyreumnos
1635,Histhytos,River,82 m³/s,37 km,0.108 km,Histhytos
1636,Laoreos,River,43 m³/s,31 km,0.086 km,Laoreos
1638,Iapolis,River,37 m³/s,29 km,0.065 km,Iapolis
1639,Karas,River,74 m³/s,33 km,0.108 km,Karas
1640,Asktos,River,62 m³/s,33 km,0.108 km,Asktos
1641,Methece,River,68 m³/s,32 km,0.086 km,Methece
1642,Pseizepsos,River,47 m³/s,41 km,0.086 km,Pseizepsos
1643,Lekroibeth,River,57 m³/s,32 km,0.086 km,Lekroibeth
1644,Golgidype,Creek,52 m³/s,26 km,0.065 km,Golgidype
1645,Argostossos,River,80 m³/s,33 km,0.108 km,Argostossos
1646,Pseicyon,River,48 m³/s,31 km,0.065 km,Pseicyon
1647,Iaies,River,75 m³/s,30 km,0.108 km,Iaies
1648,Jukroiponia,Creek,67 m³/s,28 km,0.065 km,Jukroiponia
1649,Tithi,River,105 m³/s,43 km,0.172 km,Tithi
1651,Akrorintho,Brook,58 m³/s,29 km,0.065 km,Akrorintho
1652,Pigekion,River,73 m³/s,37 km,0.086 km,Pigekion
1654,Zakrakou,River,61 m³/s,30 km,0.108 km,Zakrakou
1655,Kydon,River,57 m³/s,33 km,0.065 km,Kydon
1659,Pithympori,Creek,70 m³/s,26 km,0.065 km,Pithympori
1660,Histhossa,River,89 m³/s,21 km,0.043 km,Histhossa
1661,Golcossos,River,82 m³/s,32 km,0.065 km,Golcossos
1662,Phocea,Creek,63 m³/s,26 km,0.065 km,Phocea
1664,Gournastos,Creek,61 m³/s,25 km,0.065 km,Gournastos
1666,Thytion,River,64 m³/s,26 km,0.065 km,Thytion
1668,Kalion,River,70 m³/s,31 km,0.065 km,Kalion
1669,Pyrteia,Creek,67 m³/s,25 km,0.065 km,Pyrteia
1670,Agrita,Brook,46 m³/s,27 km,0.043 km,Agrita
1671,Samei,Creek,52 m³/s,28 km,0.065 km,Samei
1672,Pikon,Creek,62 m³/s,26 km,0.065 km,Pikon
1673,Plaras,Creek,47 m³/s,28 km,0.065 km,Plaras
1674,Nymplios,River,53 m³/s,32 km,0.086 km,Nymplios
1675,Chalbia,River,105 m³/s,49 km,0.172 km,Chalbia
1676,Palia,River,83 m³/s,33 km,0.065 km,Palia
1677,Seliona,Brook,46 m³/s,23 km,0.043 km,Seliona
1678,Askrolis,Creek,66 m³/s,22 km,0.043 km,Askrolis
1679,Mortaneleut,Creek,56 m³/s,23 km,0.065 km,Mortaneleut
1680,Athra,Brook,89 m³/s,19 km,0.043 km,Athra
1681,Cronia,River,65 m³/s,24 km,0.065 km,Cronia
1682,Magnetos,Stream,55 m³/s,29 km,0.065 km,Magnetos
1683,Icaparathos,River,73 m³/s,42 km,0.151 km,Icaparathos
1684,Delpha,Creek,69 m³/s,20 km,0.043 km,Delpha
1685,Morma,River,64 m³/s,34 km,0.086 km,Morma
1686,Mysos,River,96 m³/s,33 km,0.129 km,Mysos
1687,Nymphossos,Brook,61 m³/s,28 km,0.065 km,Nymphossos
1688,Mupaktos,Creek,65 m³/s,27 km,0.065 km,Mupaktos
1689,Myorikon,River,41 m³/s,35 km,0.086 km,Myorikon
1690,Amphagi,Creek,61 m³/s,28 km,0.065 km,Amphagi
1691,Hatera,River,101 m³/s,35 km,0.108 km,Hatera
1692,Ropotipoli,River,78 m³/s,22 km,0.043 km,Ropotipoli
1694,Nyreloniama,Stream,85 m³/s,25 km,0.065 km,Nyreloniama
1695,Eleuthumnos,River,64 m³/s,27 km,0.065 km,Eleuthumnos
1696,Leicea,Brook,83 m³/s,26 km,0.086 km,Leicea
1697,Meragas,Creek,69 m³/s,19 km,0.043 km,Meragas
1698,Kyzandos,Creek,73 m³/s,19 km,0.043 km,Kyzandos
1699,Magramea,Creek,63 m³/s,24 km,0.065 km,Magramea
1700,Meiara,River,85 m³/s,28 km,0.065 km,Meiara
1701,Delphidea,River,84 m³/s,31 km,0.086 km,Delphidea
1702,Erara,Creek,60 m³/s,24 km,0.065 km,Erara
1703,Nauriastias,Creek,90 m³/s,27 km,0.065 km,Nauriastias
1704,Hyegagida,Creek,55 m³/s,23 km,0.043 km,Hyegagida
2048,Stamaida,River,87 m³/s,40 km,0.193 km,Stamaida
2049,Aphalonia,River,105 m³/s,45 km,0.172 km,Aphalonia
2050,Aicealairos,River,116 m³/s,55 km,0.172 km,Aicealairos
2051,Zaktas,River,97 m³/s,33 km,0.172 km,Zaktas
2052,Boreos,Brook,47 m³/s,25 km,0.065 km,Boreos
2053,Argan,River,49 m³/s,31 km,0.065 km,Argan
2054,Pipathos,Creek,116 m³/s,27 km,0.086 km,Pipathos
2055,Statos,Creek,94 m³/s,28 km,0.065 km,Statos
2056,Kyzan,Creek,101 m³/s,24 km,0.108 km,Kyzan
2057,Brauropoton,River,90 m³/s,25 km,0.086 km,Brauropoton
2058,Lekroponia,River,59 m³/s,31 km,0.065 km,Lekroponia
2059,Cleotontion,Stream,76 m³/s,27 km,0.065 km,Cleotontion
2061,Amphiporint,Creek,59 m³/s,28 km,0.065 km,Amphiporint
2063,Kodigena,Creek,114 m³/s,25 km,0.086 km,Kodigena
2064,Rotontigegi,River,150 m³/s,33 km,0.129 km,Rotontigegi
2065,Psychra,Creek,65 m³/s,23 km,0.065 km,Psychra
2066,Thexandna,River,122 m³/s,31 km,0.086 km,Thexandna
2067,Epios,Creek,69 m³/s,22 km,0.043 km,Epios
2068,Amphita,Creek,68 m³/s,28 km,0.065 km,Amphita
2069,Laorinther,Creek,48 m³/s,17 km,0.043 km,Laorinther
2070,Gorme,Creek,103 m³/s,21 km,0.065 km,Gorme
2071,Pseige,Creek,99 m³/s,24 km,0.065 km,Pseige
2073,Haraspon,Creek,47 m³/s,28 km,0.043 km,Haraspon
2074,Hetossos,Stream,59 m³/s,24 km,0.065 km,Hetossos
2075,Hiega,Brook,74 m³/s,23 km,0.065 km,Hiega
2076,Stymphos,River,58 m³/s,23 km,0.043 km,Stymphos
2077,Titherganti,River,59 m³/s,26 km,0.043 km,Titherganti
2078,Dolistos,Creek,39 m³/s,21 km,0.043 km,Dolistos
2079,Theorinthos,Creek,75 m³/s,24 km,0.065 km,Theorinthos
2080,Laodes,Creek,108 m³/s,26 km,0.086 km,Laodes
2081,Phais,River,65 m³/s,27 km,0.065 km,Phais
2082,Chalessos,Brook,89 m³/s,21 km,0.043 km,Chalessos
2083,Kopopo,Creek,92 m³/s,20 km,0.065 km,Kopopo
2084,Naratispian,Creek,65 m³/s,24 km,0.043 km,Naratispian
2085,Cornas,Creek,78 m³/s,23 km,0.065 km,Cornas
2350,Trikasther,River,98 m³/s,30 km,0.193 km,Trikasther
2351,Picea,River,85 m³/s,34 km,0.086 km,Picea
